{
  "DebugLogging": false,
  "CompsForConstruction": 8,
  "IngotsForConstruction": 10,
  "CompsDroppedOnDeathPercentage": 0.5,
  "IngotsDroppedOnDeathPercentage": 0.5,
  "AndroidMaxHealth": 20.0,
  "AndroidDamage": 1.0,
  "AndroidSpeed": 0.6,
  "AndroidArmor": 0.0,
  "AdvAndroidMaxHealth": 25.0,
  "AdvAndroidDamage": 3.0,
  "AdvAndroidSpeed": 0.9,
  "AdvAndroidArmor": 3.0,
  "ComAndroidMaxHealth": 25.0,
  "ComAndroidDamage": 3.0,
  "ComAndroidSpeed": 0.9,
  "ComAndroidArmor": 3.0,
  "RogueMaxHealth": 25.0,
  "RogueDamage": 5.0,
  "RogueSpeed": 0.6,
  "RogueArmor": 5.0,
  "RoguesSpawnNaturally": true,
  "RoguesSpawnWithTools": true
}