{"gui.plasmovoice.about.artist":"アーティスト","gui.plasmovoice.about.copyright":"公式のソースのみを使用し、私たちの許可なしにModを再配布しないでください。 質問、ヘルプ、提案、またはオファーについては、Discordにご連絡ください。","gui.plasmovoice.about.huix":"コンセプト&デザイン","gui.plasmovoice.about.links":"%s","gui.plasmovoice.about.made_by":"%s は次の人によって作られました:","gui.plasmovoice.about.programming":"プログラミング","gui.plasmovoice.about.support":"ご支援ありがとうございます","gui.plasmovoice.activation":"マイクの有効化オプション","gui.plasmovoice.activation.distance":"%s 距離","gui.plasmovoice.activation.ptt_button":"マイク有効化ボタン","gui.plasmovoice.activation.toggle":"トグル 「%s」\n%s","gui.plasmovoice.activation.toggle_button":"トグルボタン","gui.plasmovoice.activation.type":"マイク有効化タイプ","gui.plasmovoice.activation.type_inherit":"継承","gui.plasmovoice.activation.type_ptt":"ボタンを押している間有効","gui.plasmovoice.activation.type_voice":"発話","gui.plasmovoice.addons":"アドオン","gui.plasmovoice.advanced":"詳細設定","gui.plasmovoice.advanced.audio_engine":"音声エンジン","gui.plasmovoice.advanced.directional_sources_angle":"指向性ソースの角度","gui.plasmovoice.advanced.directional_sources_angle.tooltip":"指向性ソースが有効になっている場合、ソース音量が100%で聞こえる角度範囲。\n\n360度は、オプションが無効になっている場合と同じです。","gui.plasmovoice.advanced.exponential_volume":"指数的音量調整","gui.plasmovoice.advanced.exponential_volume.distance_gain":"距離ゲイン","gui.plasmovoice.advanced.exponential_volume.volume_slider":"音量バー","gui.plasmovoice.advanced.stereo_sources_to_mono":"ステレオソースのモノラル化","gui.plasmovoice.advanced.stereo_sources_to_mono.tooltip":"アドオンは音質を向上させるためにステレオソースを使用します。音質ははるかに良くなる一方、サウンドは距離減衰はしますが、聞いている向きにかかわらず聞こえ方が一定になります。\n\nこのオプションを有効にすると、ステレオソースは通常のモノラルソースに変換されます。品質は悪化しますが、音の方向が反映されるようになります。","gui.plasmovoice.advanced.visual":"ビジュアルとUI","gui.plasmovoice.advanced.visualize_voice_distance":"音声距離を視覚化","gui.plasmovoice.advanced.visualize_voice_distance_on_join":"参加時に視覚化","gui.plasmovoice.cannot_connect_to_udp":"UDPサーバーに接続できません。\nUDPポートが閉じられている可能性があります。wikiを読む:\n%s","gui.plasmovoice.connecting":"UDPサーバーに接続中...","gui.plasmovoice.devices":"デバイス","gui.plasmovoice.devices.activation_threshold":"発話しきい値","gui.plasmovoice.devices.activation_threshold.tooltip":"マイク有効化タイプが「発話」に設定されている場合のみ有効です。\n\n発声時のみ音量がしきい値を上回るようにスライダーを設定してください。\n\nアイコンを押してマイクテストを有効にすると自分の声を聞けます。","gui.plasmovoice.devices.default":"システムのデフォルト","gui.plasmovoice.devices.directional_sources":"指向性ソース","gui.plasmovoice.devices.directional_sources.tooltip":"音源があなたの方向を直接向いていない場合、指定された角度の外側にある場合は、音が少し静かになります。\n\n音声が聞こえるプレイヤーに適用されます。","gui.plasmovoice.devices.hrtf":"HRTF","gui.plasmovoice.devices.hrtf.tooltip":"音声位置精度を向上させ、3D空間で音がどこから来ているのかを理解しやすくなります。\n\n少し音質が悪化することがあります。\n\n音声が聞こえるプレイヤーに適用されます。","gui.plasmovoice.devices.microphone":"マイク","gui.plasmovoice.devices.microphone_volume":"マイク音量","gui.plasmovoice.devices.noise_suppression":"ノイズ抑制","gui.plasmovoice.devices.noise_suppression.tooltip":"RNNoiseノイズ抑制。\n\nニューラルネットワークを使用し品質が高いですが、CPU負荷も高い可能性があります。\n\n自分のマイクに適用されます。","gui.plasmovoice.devices.not_available":"利用不可","gui.plasmovoice.devices.occlusion":"サウンドの遮蔽","gui.plasmovoice.devices.occlusion.tooltip":"プレーヤーからそれぞれの音源へのレイキャスト上にブロックがある場合音を抑制します。\n\n他の部屋にいる人たちの声を聞きたくない場合に便利です。 ただし時には正常に動作しない場合があるため、不要な場合は無効にしておくことをお勧めします。","gui.plasmovoice.devices.output":"出力","gui.plasmovoice.devices.output_device":"出力デバイス","gui.plasmovoice.devices.stereo_capture":"ステレオでキャプチャ","gui.plasmovoice.devices.stereo_capture.tooltip":"ステレオで音をキャプチャし、モノラルに変換します。\n音質が向上する可能性がありますが、音量は小さくなります。","gui.plasmovoice.devices.volume":"音量","gui.plasmovoice.devices.volume.tooltip":"音量を100%以上にするとひずみが生じる可能性があります。","gui.plasmovoice.hotkeys":"ホットキー","gui.plasmovoice.not_available":"Plasmo Voice はこのサーバーにインストールされていません。","gui.plasmovoice.overlay":"オーバーレイ","gui.plasmovoice.overlay.activation_icon":"HUDアイコン","gui.plasmovoice.overlay.activation_icon_position":"HUDアイコンの位置","gui.plasmovoice.overlay.activation_icon_position.choose":"アイコンの位置を選択","gui.plasmovoice.overlay.activation_icon_show":"HUDアイコンを表示","gui.plasmovoice.overlay.enable":"オーバーレイを有効化","gui.plasmovoice.overlay.hud_position.bottom_center":"中央下","gui.plasmovoice.overlay.hud_position.bottom_left":"左下","gui.plasmovoice.overlay.hud_position.bottom_right":"右下","gui.plasmovoice.overlay.hud_position.top_center":"中央上","gui.plasmovoice.overlay.hud_position.top_left":"左上","gui.plasmovoice.overlay.hud_position.top_right":"右上","gui.plasmovoice.overlay.position":"オーバーレイの表示位置","gui.plasmovoice.overlay.position.choose":"オーバーレイの表示位置を選択","gui.plasmovoice.overlay.show_source_icons":"エンティティアイコンを表示","gui.plasmovoice.overlay.show_source_icons.always":"常時","gui.plasmovoice.overlay.show_source_icons.hidden":"非表示","gui.plasmovoice.overlay.show_source_icons.hud":"GUIのみ","gui.plasmovoice.overlay.show_static_source_icons":"静的ソースに表示","gui.plasmovoice.overlay.source_icons":"エンティティアイコン","gui.plasmovoice.overlay.sources":"ソースのオーバーレイ表示","gui.plasmovoice.overlay.sources.always":"常時","gui.plasmovoice.overlay.sources.never":"常にしない","gui.plasmovoice.overlay.sources.when_talking":"発話中","gui.plasmovoice.overlay.style":"オーバーレイのスタイル","gui.plasmovoice.overlay.style.name":"名前のみ","gui.plasmovoice.overlay.style.name_skin":"名前とスキン","gui.plasmovoice.overlay.style.skin":"スキンのみ","gui.plasmovoice.title":"%1$s %2$s 設定","gui.plasmovoice.toggle.currently":"現在： %s","gui.plasmovoice.toggle.disabled":"無効","gui.plasmovoice.toggle.enabled":"有効","gui.plasmovoice.toggle.microphone":"マイクの切り替え\n%s","gui.plasmovoice.toggle.voice":"ボイスチャットの切り替え\n%s","gui.plasmovoice.volume":"音量","gui.plasmovoice.volume.players":"プレーヤーの音量","gui.plasmovoice.volume.players_search":"検索...","gui.plasmovoice.volume.sources":"ソースの音量","key.plasmovoice.distance":"%s 音声の距離","key.plasmovoice.distance.decrease":"音声が聞こえる距離を下げる","key.plasmovoice.distance.increase":"音声が聞こえる距離を上げる","key.plasmovoice.general":"全般","key.plasmovoice.general.action":"アクションボタン","key.plasmovoice.general.disable_voice":"ボイスチャットを無効にする","key.plasmovoice.general.mute_microphone":"マイクをミュート","key.plasmovoice.occlusion":"サウンドの遮蔽","key.plasmovoice.occlusion.toggle":"サウンドの遮蔽を切り替える","key.plasmovoice.settings":"音声設定","message.plasmovoice.activation.toggle":"%s: %s","message.plasmovoice.close":"閉じる","message.plasmovoice.distance_changed":"%s 音声の距離: %d","message.plasmovoice.macos_incompatible_launcher":"Minecraft LauncherはMacOSでマイクの権限をサポートしていないため、マイクを使用できません。 %s に切り替える必要があります。","message.plasmovoice.occlusion_changed":"サウンドの遮蔽: %s","message.plasmovoice.off":"オフ","message.plasmovoice.on":"オン","message.plasmovoice.update_available":"新しいバージョンのPlasmo Voice %1$s が利用可能です: %2$s","message.plasmovoice.update_available.click":"ダウンロード","message.plasmovoice.update_available.hover":"%s"}